real, imag
0.550000000000, 0.000000000000
0.474341649025, 0.000000000000
0.474341649025, 0.000000000000
0.450000000000, 0.000000000000
