real, imag
0.100000000000, 0.000000000000
0.000000000000, 0.000000000000
0.000000000000, 0.000000000000
0.900000000000, 0.000000000000
